<?xml version="1.0" encoding="UTF-8"?>
<root>
  <item name="androidx.emoji2.text.EmojiCompat int getEmojiMatch(java.lang.CharSequence, int)">
    <annotation name="androidx.annotation.IntDef">
      <val name="value" val="{androidx.emoji2.text.EmojiCompat.EMOJI_UNSUPPORTED, androidx.emoji2.text.EmojiCompat.EMOJI_SUPPORTED, androidx.emoji2.text.EmojiCompat.EMOJI_FALLBACK}" />
    </annotation>
  </item>
  <item name="androidx.emoji2.text.EmojiCompat int getLoadState()">
    <annotation name="androidx.annotation.IntDef">
      <val name="value" val="{androidx.emoji2.text.EmojiCompat.LOAD_STATE_DEFAULT, androidx.emoji2.text.EmojiCompat.LOAD_STATE_LOADING, androidx.emoji2.text.EmojiCompat.LOAD_STATE_SUCCEEDED, androidx.emoji2.text.EmojiCompat.LOAD_STATE_FAILED}" />
    </annotation>
  </item>
  <item name="androidx.emoji2.text.EmojiCompat java.lang.CharSequence process(java.lang.CharSequence, int, int, int, int) 4">
    <annotation name="androidx.annotation.IntDef">
      <val name="value" val="{androidx.emoji2.text.EmojiCompat.REPLACE_STRATEGY_DEFAULT, androidx.emoji2.text.EmojiCompat.REPLACE_STRATEGY_NON_EXISTENT, androidx.emoji2.text.EmojiCompat.REPLACE_STRATEGY_ALL}" />
    </annotation>
  </item>
  <item name="androidx.emoji2.text.EmojiCompat mLoadState">
    <annotation name="androidx.annotation.IntDef">
      <val name="value" val="{androidx.emoji2.text.EmojiCompat.LOAD_STATE_DEFAULT, androidx.emoji2.text.EmojiCompat.LOAD_STATE_LOADING, androidx.emoji2.text.EmojiCompat.LOAD_STATE_SUCCEEDED, androidx.emoji2.text.EmojiCompat.LOAD_STATE_FAILED}" />
    </annotation>
  </item>
  <item name="androidx.emoji2.text.EmojiCompat mMetadataLoadStrategy">
    <annotation name="androidx.annotation.IntDef">
      <val name="value" val="{androidx.emoji2.text.EmojiCompat.LOAD_STRATEGY_DEFAULT, androidx.emoji2.text.EmojiCompat.LOAD_STRATEGY_MANUAL}" />
    </annotation>
  </item>
  <item name="androidx.emoji2.text.EmojiCompat.CodepointSequenceMatchResult">
    <annotation name="androidx.annotation.IntDef">
      <val name="value" val="{androidx.emoji2.text.EmojiCompat.EMOJI_UNSUPPORTED, androidx.emoji2.text.EmojiCompat.EMOJI_SUPPORTED, androidx.emoji2.text.EmojiCompat.EMOJI_FALLBACK}" />
    </annotation>
  </item>
  <item name="androidx.emoji2.text.EmojiCompat.CompatInternal int getEmojiMatch(java.lang.CharSequence, int)">
    <annotation name="androidx.annotation.IntDef">
      <val name="value" val="{androidx.emoji2.text.EmojiCompat.EMOJI_UNSUPPORTED, androidx.emoji2.text.EmojiCompat.EMOJI_SUPPORTED, androidx.emoji2.text.EmojiCompat.EMOJI_FALLBACK}" />
    </annotation>
  </item>
  <item name="androidx.emoji2.text.EmojiCompat.Config androidx.emoji2.text.EmojiCompat.Config setMetadataLoadStrategy(int) 0">
    <annotation name="androidx.annotation.IntDef">
      <val name="value" val="{androidx.emoji2.text.EmojiCompat.LOAD_STRATEGY_DEFAULT, androidx.emoji2.text.EmojiCompat.LOAD_STRATEGY_MANUAL}" />
    </annotation>
  </item>
  <item name="androidx.emoji2.text.EmojiCompat.Config mMetadataLoadStrategy">
    <annotation name="androidx.annotation.IntDef">
      <val name="value" val="{androidx.emoji2.text.EmojiCompat.LOAD_STRATEGY_DEFAULT, androidx.emoji2.text.EmojiCompat.LOAD_STRATEGY_MANUAL}" />
    </annotation>
  </item>
  <item name="androidx.emoji2.text.EmojiCompat.ListenerDispatcher ListenerDispatcher(androidx.emoji2.text.EmojiCompat.InitCallback, int) 1">
    <annotation name="androidx.annotation.IntDef">
      <val name="value" val="{androidx.emoji2.text.EmojiCompat.LOAD_STATE_DEFAULT, androidx.emoji2.text.EmojiCompat.LOAD_STATE_LOADING, androidx.emoji2.text.EmojiCompat.LOAD_STATE_SUCCEEDED, androidx.emoji2.text.EmojiCompat.LOAD_STATE_FAILED}" />
    </annotation>
  </item>
  <item name="androidx.emoji2.text.EmojiCompat.ListenerDispatcher ListenerDispatcher(java.util.Collection&lt;androidx.emoji2.text.EmojiCompat.InitCallback&gt;, int) 1">
    <annotation name="androidx.annotation.IntDef">
      <val name="value" val="{androidx.emoji2.text.EmojiCompat.LOAD_STATE_DEFAULT, androidx.emoji2.text.EmojiCompat.LOAD_STATE_LOADING, androidx.emoji2.text.EmojiCompat.LOAD_STATE_SUCCEEDED, androidx.emoji2.text.EmojiCompat.LOAD_STATE_FAILED}" />
    </annotation>
  </item>
  <item name="androidx.emoji2.text.EmojiCompat.ListenerDispatcher ListenerDispatcher(java.util.Collection&lt;androidx.emoji2.text.EmojiCompat.InitCallback&gt;, int, java.lang.Throwable) 1">
    <annotation name="androidx.annotation.IntDef">
      <val name="value" val="{androidx.emoji2.text.EmojiCompat.LOAD_STATE_DEFAULT, androidx.emoji2.text.EmojiCompat.LOAD_STATE_LOADING, androidx.emoji2.text.EmojiCompat.LOAD_STATE_SUCCEEDED, androidx.emoji2.text.EmojiCompat.LOAD_STATE_FAILED}" />
    </annotation>
  </item>
  <item name="androidx.emoji2.text.EmojiCompat.LoadStrategy">
    <annotation name="androidx.annotation.IntDef">
      <val name="value" val="{androidx.emoji2.text.EmojiCompat.LOAD_STRATEGY_DEFAULT, androidx.emoji2.text.EmojiCompat.LOAD_STRATEGY_MANUAL}" />
    </annotation>
  </item>
  <item name="androidx.emoji2.text.EmojiCompat.ReplaceStrategy">
    <annotation name="androidx.annotation.IntDef">
      <val name="value" val="{androidx.emoji2.text.EmojiCompat.REPLACE_STRATEGY_DEFAULT, androidx.emoji2.text.EmojiCompat.REPLACE_STRATEGY_NON_EXISTENT, androidx.emoji2.text.EmojiCompat.REPLACE_STRATEGY_ALL}" />
    </annotation>
  </item>
  <item name="androidx.emoji2.text.EmojiMetadata int getHasGlyph()">
    <annotation name="androidx.annotation.IntDef">
      <val name="value" val="{androidx.emoji2.text.EmojiMetadata.HAS_GLYPH_UNKNOWN, androidx.emoji2.text.EmojiMetadata.HAS_GLYPH_ABSENT, androidx.emoji2.text.EmojiMetadata.HAS_GLYPH_EXISTS}" />
    </annotation>
  </item>
  <item name="androidx.emoji2.text.EmojiMetadata mHasGlyph">
    <annotation name="androidx.annotation.IntDef">
      <val name="value" val="{androidx.emoji2.text.EmojiMetadata.HAS_GLYPH_UNKNOWN, androidx.emoji2.text.EmojiMetadata.HAS_GLYPH_ABSENT, androidx.emoji2.text.EmojiMetadata.HAS_GLYPH_EXISTS}" />
    </annotation>
  </item>
  <item name="androidx.emoji2.text.EmojiMetadata.HasGlyph">
    <annotation name="androidx.annotation.IntDef">
      <val name="value" val="{androidx.emoji2.text.EmojiMetadata.HAS_GLYPH_UNKNOWN, androidx.emoji2.text.EmojiMetadata.HAS_GLYPH_ABSENT, androidx.emoji2.text.EmojiMetadata.HAS_GLYPH_EXISTS}" />
    </annotation>
  </item>
  <item name="androidx.emoji2.text.EmojiProcessor int getEmojiMatch(java.lang.CharSequence)">
    <annotation name="androidx.annotation.IntDef">
      <val name="value" val="{androidx.emoji2.text.EmojiCompat.EMOJI_UNSUPPORTED, androidx.emoji2.text.EmojiCompat.EMOJI_SUPPORTED, androidx.emoji2.text.EmojiCompat.EMOJI_FALLBACK}" />
    </annotation>
  </item>
  <item name="androidx.emoji2.text.EmojiProcessor int getEmojiMatch(java.lang.CharSequence, int)">
    <annotation name="androidx.annotation.IntDef">
      <val name="value" val="{androidx.emoji2.text.EmojiCompat.EMOJI_UNSUPPORTED, androidx.emoji2.text.EmojiCompat.EMOJI_SUPPORTED, androidx.emoji2.text.EmojiCompat.EMOJI_FALLBACK}" />
    </annotation>
  </item>
  <item name="androidx.emoji2.text.EmojiProcessor.ProcessorSm int check(int)">
    <annotation name="androidx.annotation.IntDef">
      <val name="value" val="{androidx.emoji2.text.EmojiProcessor.ACTION_ADVANCE_BOTH, androidx.emoji2.text.EmojiProcessor.ACTION_ADVANCE_END, androidx.emoji2.text.EmojiProcessor.ACTION_FLUSH}" />
    </annotation>
  </item>
  <item name="androidx.emoji2.text.EmojiProcessor.ProcessorSm int reset()">
    <annotation name="androidx.annotation.IntDef">
      <val name="value" val="{androidx.emoji2.text.EmojiProcessor.ACTION_ADVANCE_BOTH, androidx.emoji2.text.EmojiProcessor.ACTION_ADVANCE_END, androidx.emoji2.text.EmojiProcessor.ACTION_FLUSH}" />
    </annotation>
  </item>
</root>

